petition_id,title,text,signature_count,response_text,status,date
704793,Legally enshrine the right of adults to physically transition using NHS services,"Introduce a law to legally protect the right of those aged 18 and over to transition using NHS services. This should specifically cover physical transition, including hormone treatment and surgery, as otherwise I believe it could potentially be interpreted as including conversion therapy.",76805,"The government is committed to ensuring that all patients, including trans adults, get care that is high-quality and clinically appropriate. The published NHS Constitution establishes the principles and values of the NHS in England. It sets out legal rights to which patients, the public and staff are entitled. This includes the legal right to access NHS services and the right to receive care and treatment that is appropriate, meets patient needs and reflecting their preferences.

Regarding services for trans adults specifically, they can access care at 12 specialist NHS adult Gender Dysphoria clinics in England.

NHS adult gender services work to national service specifications: Gender Identity Services for Adults (Non-Surgical Interventions) and Gender Identity Services for Adults (Surgical Interventions).

As set out in those service specifications, the delivery model for adult gender services relies on access via primary care, and the principle of multidisciplinary and interdisciplinary teams and networks who work and collaborate in the provision of care. Gender Dysphoria Clinics assess and diagnose individuals, directly provide some interventions and arrange for referrals to other services, including for medical and surgical treatments. Access to surgical intervention is only by referral from a specialist Gender Dysphoria Clinic that is commissioned by NHS England, in accordance with the criteria set out in the Surgical Interventions service specification.

These services, like all NHS services, are patient centred. Decisions around the treatment and management of gender incongruence are made through a process of Shared Decision Making. As set out in the service specifications, patients will be provided with the necessary information about all of the options available to them so that they may ask questions, explore the options available and take an active role in determining a treatment route which best suits their needs and preferences, and is clinically appropriate. For some, this may involve a process of medical transition – for others, it may not.

Introducing legislation that creates a right to medically transition may fundamentally alter the careful balance of clinical decision-making in the care of trans adults. It is not appropriate – nor is it necessary – and the government has no plans to do so.

The government recognises that waiting times for these services have surged and we are determined to change that. NHS England has significantly increased investment in adult gender services, with the rollout of five new adult gender pilot clinics since July 2020. Three pilots have been awarded longer term contracts with NHS England and their evaluation reports can be found at the following link: https://www.whatdotheyknow.com/request/pilot_gender_clinic_evaluation_r

In line with a recommendation of the Independent Review of gender identity services for children and young people (the Cass Review), NHS England is currently carrying out a review of adult gender services, with the aim of producing an updated service specification (non-surgical). The Review, which is chaired by Dr David Levy, will examine the model of care and operating procedures of each service, and will carefully consider experiences, feedback and outcomes from clinicians and patients. The Terms of Reference of the Review can be found at the following link: https://www.england.nhs.uk/publication/review-of-the-nhs-adult-gender-dysphoria-clinics-in-england-terms-of-reference-and-key-lines-of-enquiry/

The government is steadfast in its dedication to listening to LGBT+ people. The Secretary of State for Health and Social Care has taken steps to build bridges with the LGBT+ community and stakeholders by hosting constructive, open and honest roundtable discussions, and has set out his intention to maintain an open dialogue and to continue to listen to all views.

In addition to what has been described above, we continue to progress work to advance the rights and protections afforded to LGBT+ people. We are clear that conversion practices are abuse – such practices have no place in society and must be stopped. That is why, through the development of our Conversion Practices Bill, the government will deliver on its manifesto commitment to bring forward a full, trans-inclusive ban on conversion practices. We are also working with the Home Office to deliver our commitment to equalise all existing strands of hate crime to make them aggravated offences.

Any ban must not cover legitimate psychological support, treatment, or non-directive counselling. It must also respect the important role that teachers, religious leaders, parents and carers can have in supporting those exploring their sexual orientation or gender identity.

Department of Health and Social Care",Responded,2024-11-26T12:55:38.077Z
710486,Ban new waste incinerators and revoke permits where building has not begun,"Introduce a moratorium on new waste incinerators like in Scotland and Wales, and ban new permits and require existing permits to be revoked where substantial construction has not begun.",13352,"On 30 December 2024, Defra published the Residual Waste Infrastructure Capacity Note (https://www.gov.uk/government/publications/residual-waste-infrastructure-capacity-note/residual-waste-infrastructure-capacity-note) and an accompanying statement (https://www.gov.uk/government/news/government-to-crack-down-on-waste-incinerators-with-stricter-standards-for-new-builds), which set out that government will only back new waste incineration projects in England that meet strict new conditions. Proposals for new facilities will have to maximise efficiency and support the delivery of economic growth, net zero and the move to a circular economy.

The Government encourages those developing waste incineration facilities (at all stages in the process) to consider forecast changes to future capacity, demand, and the Government’s circular economy opportunities, in light of the evidence published in the Capacity Note.

The Capacity Note, and the latest Local Authority Collected Waste statistics (https://www.gov.uk/government/statistics/local-authority-collected-waste-management-annual-results/local-authority-collected-waste-management-provisional-annual-results-202324), show that there are areas in England where large amounts of non-recyclable household waste is sent to landfill, which has a greater negative environmental impact. There is a continued need to divert non-household wastes away from landfill. In this context, waste incineration plays an important role in diverting residual waste from landfill; but it should not compete with efforts to increase waste prevention, preparation for re-use, or recycling.

Waste incineration facilities require planning permission and an environmental permit to operate. These processes are separate but complementary. The planning system controls the development and use of land in the public interest. Planning guidance is clear that decisions must give consideration to important issues, including air quality, transport, and whether a location is appropriate for that development. The environmental permitting process considers the safe operation of a facility itself, not whether the location is suitable, or whether there is a waste management need for the specific type of facility.

It is important that we do not retrospectively impose modifications on, or revoke, a planning consent or environmental permit that has already been granted. To do so would undermine confidence in England’s regulatory systems and harm the investment we need to deliver economic growth.

Waste incineration facilities that hold the necessary permissions will only be constructed if there is an established waste management need. If a development cannot secure a long-term contract, it is highly unlikely that it will receive financing and proceed to construction. Defra has no evidence of waste facilities being constructed without the security of waste supply contracts.

The best way to reduce the need for waste incineration is to reduce the amount of non-recyclable waste we produce. It is therefore essential that we move away from our linear and unsustainable “take, make, throw” model. In light of this, the Secretary of State for Environment, Food and Rural Affairs has set our transition to a circular economy as one of Defra’s top priorities, delivering on the Government’s manifesto commitment. An expert Circular Economy Taskforce is supporting the Government to develop a Circular Economy Strategy that will focus on promoting efficient and productive resource use, supporting economic growth, delivering green jobs, minimising negative environmental impacts and accelerating the nation to Net Zero.

The Government has already taken action to improve levels of recycling. As of the 1 April 2025, Simpler Recycling obligations for workplaces came into force. This means that the same set of materials – paper, card, plastic, glass, metals and food waste – must now be collected from every business and relevant non-domestic premises. This requirement, along with garden waste, will apply to every household in England by 31 March 2026, with kerbside collections of plastic films introduced by 31 March 2027.

The Government has made progress with delivering Extended Producer Responsibility for packaging, which will begin later this year. This will incentivise packaging producers to reduce their material footprint and use more recyclable packaging.

The Government is also bringing forward the delivery of a Deposit Return Scheme for drinks containers, taking our recycling rate to 90 percent for these containers by its third year of operating. This model exists in over 50 countries around the world to proven success, and it will launch in October 2027. Together our packaging reforms will lead to 21,000 new green jobs and support more than £10billion of investment in recycling capability over the next decade.

The Government’s approach will reduce waste to landfill and boost the economy, while ensuring the waste incineration facilities that we do need maximise benefits to communities. This will help us deliver on our Plan for Change in a decade of national renewal. This is no small task - but by working collaboratively we will make this shift to keep our resources in use for longer, reduce our carbon emissions, encourage investment in critical infrastructure and green jobs across the UK.

Department for Environment, Food and Rural Affairs",Responded,2024-12-18T10:48:57.404Z
705772,Impose a lifetime ban on animal ownership for anyone convicted of animal cruelty,"The government should impose a lifetime ban on animal ownership for anyone who causes deliberate suffering to animals. Under current laws, courts can impose bans but these may be short-term, allowing offenders to own animals again after a short period.",12831,"The needless suffering of animals is always a concern, whether that suffering is deliberately inflicted, accidental, or the result of negligence. The Animal Welfare Act 2006 provides strong powers to address such cruelty, ensuring appropriate measures are in place to protect animal welfare.

Causing an animal to experience unnecessary suffering is an offence under section 4 of the Animal Welfare Act 2006. Following a conviction, the court may also ban the offender from keeping animals or certain types or animals and/or order that their animals are removed from them. The court will decide how long an offender is banned for and the minimum period that must elapse before the offender can seek the termination of any order. 

Sentencing in individual cases is a matter for our independent courts. When deciding what sentence to impose, courts must consider the circumstances of the case, including the culpability of the offender, the harm they caused or intended to cause, and any aggravating and mitigating factors. The courts also have a statutory duty to follow any relevant sentencing guidelines, developed by the independent Sentencing Council for England and Wales. Sentencing Council guidance on Animal Deprivation and Animal Disqualification orders can be found here: https://www.sentencingcouncil.org.uk/explanatory-material/magistrates-court/item/ancillary-orders/1-introduction-to-ancillary-orders/. 

In September 2024, the Sentencing Council consulted on proposals to improve the consistency, accessibility and presentation of the current information on Ancillary Orders. The Council are currently considering responses to this consultation.

Furthermore, the 2006 Act is backed up by codes of practice for the welfare of certain animals (including dogs, cats and horses): https://www.gov.uk/guidance/animal-welfare-legislation-protecting-pets#codes-of-practice. 
These codes of practice provide owners with information on how to meet the welfare needs of their animals, as required by the 2006 Act. Breach of a provision of these codes is not an offence itself but if proceedings are brought against someone for an offence under the 2006 Act, the Court will look at whether or not they have complied with the relevant code in deciding whether they have committed an offence.  

The Police National Computer holds all relevant information for prosecutions made for animal cruelty offences and Animal Disqualification orders under the Animal Welfare Act 2006. Certain organisations have access to this information, where appropriate, to fulfil their public function. This allows this information to be protected from misuse, but also for it to be available for organisations with a justified need to access it.  

Department for Environment, Food and Rural Affairs",Responded,2024-11-27T22:52:22.416Z
700161,Require MPs proven to mislead public to resign and create 'fact check' committee,We think that MPs who mislead the public should be held accountable and required to step down. We also want the Government to set up an independent 'fact check' committee. We feel that we need to restore honour and integrity into politics. ,10205,"Honesty is one of the Seven Principles of Public Life (https://www.gov.uk/government/publications/the-7-principles-of-public-life/the-7-principles-of-public-life--2). These principles inform and inspire the House of Commons Code of Conduct (https://www.parliament.uk/business/publications/commons/hoc-code-of-conduct/), to which all MPs must adhere. 

The Government believes that MPs have a responsibility to provide accurate information to the public and to Parliament. However, it would not be appropriate to establish a fact-checking committee that would have the authority to determine the accuracy of an MP's language. 

The House of Commons, which is made up of elected representatives, is responsible for regulating the conduct of MPs, and it is here that the responsibility should remain. Additionally, individual MPs are directly accountable to their constituents, who determine who should represent them at each general election. Any decision to resign is a matter for individual MPs. 

Within the House of Commons itself, the language MPs use is protected by parliamentary privilege (https://www.parliament.uk/site-information/glossary/parliamentary-privilege/). This ensures that MPs, who are the voice of their constituents in Parliament, are able to speak freely without fear of legal proceedings being brought against them. It is right that MPs' speech in the House is protected in this way: it ensures that debate remains free and robust. 

Nevertheless, as demonstrated in recent years, there are mechanisms available to the House to sanction MPs for any false statements made. In some cases, where an MP may have misled the House, the House can ask the Committee of Privileges (https://committees.parliament.uk/committee/289/committee-of-privileges/) to investigate and recommend an appropriate sanction.

If, following a report of the Committee of Privileges, the House suspends an MP for at least 10 sitting days or 14 calendar days, this triggers the recall process under the Recall of MPs Act 2015, allowing the MP’s constituents to decide whether a by-election should take place.

In addition, if MPs provide incorrect information to Parliament, they are expected to correct the record of parliamentary proceedings (Hansard). MPs can do so by making a ""point of order"" in the Chamber or by submitting a written correction, a procedure used 18 times (https://www.parliament.uk/mps-lords-and-offices/offices/commons/hansard/hansard-corrections/) in the 2023-24 session of Parliament.

Finally, MPs who are ministers must follow the Ministerial Code (https://www.gov.uk/government/publications/ministerial-code), which states that ""[i]t is of paramount importance that ministers give accurate and truthful information to Parliament, correcting any inadvertent error at the earliest opportunity."" The Code adds that ""[m]inisters who knowingly mislead Parliament will be expected to offer their resignation to the Prime Minister.""

Office of the Leader of the House of Commons",Responded,2024-10-31T12:23:41.548Z
716515,Remove CWS Bill clauses and provide tangible support to home educating parents,"We urge the Government to remove the provisions of the Children's Wellbeing and Schools Bill on ""children not in school"", conduct proper independent research into the outcomes of home educated children and provide tangible support for home educating families including:",23854,"The Children Not in School measures in the Children’s Wellbeing and Schools Bill are central to the government’s ambition to ensure that all children can achieve and thrive – whether they are educated at school or otherwise.

Section 7 of the Education Act 1996 is clear that parents have a responsibility to secure an efficient, full-time, suitable education for their children, and can choose to do this by sending them to school or otherwise – for example, by home educating them. Local authorities also have existing legal duties to identify children in their areas who are not in school and not receiving a suitable education. This Bill does not change this.

The Department has undertaken extensive consultation and engagement to bring us to taking forward the Children Not in School measures in the Bill. The 2018 call for evidence on home education highlighted that local authorities could not be certain that they know of all children not in school in their areas as parents are not required to notify them. The 2019 consultation on Children Not in School, 96% of local authorities agreed that a compulsory system of registration was needed to help them fulfil their existing education and safeguarding duties towards these children. Several reports and briefing papers from the Child Safeguarding Practice Review Panel highlight that, while the majority of home educated children are safe and thriving, there are some that have experienced serious harm or even death. This, coupled with Department data which shows that numbers in home education have more than doubled since 2019, means that the evidence for action is clear.

The Children Not in School measures in the Bill are intended to support local authorities to carry out these existing duties and, where necessary, to support children into safe, suitable education. The information provided by parents for Children Not in School registers will help local authorities to identify all children not in school in their areas and gain a fuller picture of these children’s educational needs and circumstances. Not only will this enable local authorities to better support individual children, but information on the registers could also be used to better understand outcomes for home educated children at a national level.

The Bill also introduces the first ever duty on local authorities to provide support specifically for home educating families in the form of advice and information. This duty will establish a reliable, baseline level of support across all English and Welsh local authorities for home educating families who choose to access it. Under this duty, we would expect local authorities to provide information on access to public examinations for home educated children if their parents requested it. Local authorities will still have discretion to provide higher levels of support to home educating families. 

Where families do not agree with local authority decisions on support or other matters, there are several routes of complaint available. For example, where a parent believes a local authority has not acted according to law and guidance, they should contact their local authority’s complaints department. If not resolved by the local authority they can contact the Local Government and Social Care Ombudsman, who will make a decision on the complaint. The Department can also take action should a local authority fail to discharge a duty imposed on them or is unreasonable in exercising a duty.   

Through the Bill, we are also establishing a new complaint route in relation to the requirement for some parents to seek local authority consent before they can withdraw their child from school for home education. Any parent of a child on a child protection plan, who is the subject of a section 47 child protection enquiry, or at a special school under arrangement by the local authority, and who disagrees with the decision of the local authority as to whether to grant consent for the child to be home educated can request a review of the decision by the Secretary of State. We believe these complaint routes for parents are sufficient.

It is important that the Department for Education hears the views of all key stakeholders and factor their expertise into the delivery of the Children Not in School proposals, which includes the development of regulations and statutory guidance. That is why we have established stakeholder implementation forums to enable us to engage with a wide group of stakeholders at appropriate intervals during the progress of the Bill and subsequently. This includes a group of currently home educating families, organisations that represent the home education community, and local authorities.

Department for Education",Responded,2025-02-02T15:44:58.185Z
700041,Hold a referendum on re-joining the European Union,I want the government to hold a referendum on whether the UK should Rejoin the European Union.,16594,"Since taking office, this Government has been working to strengthen the relationship with our European friends. A closer, more cooperative relationship with the EU is in the UK’s national interest. It will grow the economy, boost living standards, protect our borders and keep the UK safe.

This is about turning the page – reinvigorating alliances and forging new partnerships with our European friends, rather than reopening the divisions of the past. A stronger UK-EU relationship means a stronger Europe.

The Withdrawal Agreement, including the Windsor Framework, and the Trade and Cooperation Agreement underpin relations between the EU and the UK. We are committed to the full and faithful implementation of these agreements, however we believe we can go further to strengthen that relationship. 

In particular, we want to work closely with the EU to address wider global challenges including economic headwinds, geopolitical competition, irregular migration, climate change, energy prices, and of course the security of our citizens, which pose fundamental challenges to the shared values of the UK and EU and provide the strategic driver for stronger cooperation. 

The manifesto upon which this Government was elected set out that we would seek to remove barriers to trade with the EU. Our markets are highly interconnected, so close cooperation can support growth and deliver investment. The Minister for European Union Relations is taking forward discussions on these areas with his counterpart Commissioner Maroš Šefčovič.

The UK will welcome EU leaders to the UK for the first UK-EU Leaders’ Summit on 19 May. This will provide an opportunity to make further progress on areas which will deliver tangible benefits for the people of the UK.

There will be issues which are difficult to resolve, as well as areas on which we will stand firm. We have been clear we are not going back to the arguments of the past; we will not return to freedom of movement, the Customs Union or the Single Market. Although we voted to leave the EU, our role as key allies and trading partners remains, and this Government is ambitious, has clear priorities and wants to move forward.

Cabinet Office",Responded,2024-10-30T16:38:34.011Z
701850,Require parliamentary scrutiny of any proposal to amend the Royal Mail USO,We call on the Government to amend legislation to require parliamentary scrutiny on any change to the Royal Mail's Universal Service Obligation (USO).,21431,"The government is committed to the provision of a reliable and affordable universal postal service. A postal service that works for customers, workers and communities is crucial to the UK businesses that help drive growth across the country.

Ofcom formally launched a consultation on the future of the UK’s postal services in January 2025, highlighting a significant decline in letter volumes and that users’ needs had changed. Ofcom set out that they have considered extensive evidence that the universal service obligation must change to secure its long-term future. Since January, Ofcom has consulted publicly on a package of potential reforms to the requirements for the delivery of second-class letters, to better reflect users’ preferences and support financial sustainability.  The consultation closed on 10 April and Ofcom expects to publish a Statement in the summer. Further information is available on Ofcom’s website: www.ofcom.org.uk/post/royal-mail/consultation-review-of-the-universal-postal-service-and-other-postal-regulation/.

Ofcom is required by Parliament (under the Postal Services Act 2011) to ensure the provision of the universal postal service and is permitted to make limited changes to its regulation accordingly. The changes that Ofcom has proposed in its consultation would not require parliamentary approval.  However, more significant reforms, such as changes to the minimum requirements set out in the Postal Services Act 2011, which include a six-days-a-week postal service at affordable prices, would need to be approved by Parliament. Ofcom remains accountable to Parliament through mechanisms such as select committee evidence sessions and its statutory obligation to lay its Annual Report and Accounts in parliament.

The government is clear that Royal Mail’s quality of service has not been good enough. Ofcom, as the independent regulator for the postal sector, has set Royal Mail enforceable targets each year to deliver 93% of First-Class letters next-day and 98.5% of Second-Class letters within three days. Ofcom takes compliance with its regulatory targets seriously and this involves conducting thorough investigations where failures have been identified. In December 2024, following its investigation of Royal Mail’s performance in the 2023-24 financial year, Ofcom fined the company £10.5m because of its failure to meet service levels. In January, Justin Madders, the minister with policy responsibility for postal services, met representatives of Ofcom who gave their reassurance that they are closely monitoring Royal Mail’s performance. The government expects that Ofcom will continue to closely monitor Royal Mail’s performance and regularly press it on this issue to improve service levels as a matter of urgency.

With regards to stamp prices, as an independent business, it is for Royal Mail’s management to set the prices for its services. The government does not have a role in the company’s day-to-day commercial or operational decisions.  In setting its prices however, Royal Mail must work within the regulatory framework set by Ofcom, the independent regulator.  In 2024, Ofcom reviewed its position on safeguard caps on certain 2nd class products and amended the cap accordingly. The purpose of the safeguard caps is to ensure an affordable service is available for all users. We are grateful for the widespread public interest in the postal service. The government recognises that the essential service provided by Royal Mail, and underpinned by its universal service obligation, is a vital part of the UK’s communications fabric. Customers, businesses and communities across the UK depend on a reliable and affordable postal service and the government remains committed to ensuring Royal Mail is able to effectively deliver for those users.

Department for Business and Trade
",Responded,2024-11-15T07:25:06.245Z
718406,Shut the migrant hotels down now and deport illegal migrants housed there,"The Labour Party pledged to end asylum hotels if it won power. Labour is now in power.
",46856,"The Home Office has a statutory obligation to support asylum seekers who would otherwise be left destitute on our streets.

Before an individual can apply for that support, they are required to provide information about their personal circumstances which includes declaring all income, assets, and other forms of support available to them. Entitlement to support is kept under review, and failed asylum seekers are expected to leave the UK. 

Because of the historically high number of individuals claiming asylum in the UK in recent years, there have been shortages in available asylum accommodation, and that required the previous government to start taking over hotels for that purpose.
 
At their peak, in Autumn 2023, more than 400 hotels were in use as asylum accommodation, at a cost of almost £9 million per day. That situation was also exacerbated towards the end of the last government when asylum decision-making fell into steep decline, and the asylum backlog rose accordingly.

As a result, the new Government inherited an asylum system under unprecedented strain, and due to the size of the backlog that has to be cleared, we have been forced to continue with the use of hotels for the time being, although it should be noted that the number in use now is lower than it was before the election and is around half the peak level that was reached in 2023.

However, this Government is absolutely clear that hotel use is not a permanent solution, and we remain determined to end hotel usage entirely, as part of our objective to cut the costs of asylum accommodation.
 
A key element of this is clearing the asylum backlog. Compared to the last few months of the previous government, when asylum decision making collapsed by more than 70%, we have spent the last nine months doing the opposite, increasing asylum decision making by 52% in the last three months of 2024 alone.
 
Another key element of ending hotel use is increasing the removal of people who have no right to be in the UK, including failed asylum seekers. After coming to power, this Government reallocated significant additional resource into immigration enforcement and returns, and again, that has delivered significant results.

In our first nine months in office, this Government has ensured the removal of more than 24,000 failed asylum seekers, foreign criminals and other immigration offenders with no right to be in the UK, an 11 per cent increase on the same period a year earlier, and a higher nine-month total than any achieved under the previous government after 2017. Of these returns, 6,781 were asylum-related returns, an increase of almost a quarter compared to the same period twelve months prior.

We will continue working hard to clear the asylum backlog, and remove people with no right to be in the UK, and over time, that will help us to achieve our commitment to end the use of hotels. We cannot achieve that overnight, because the scale of the challenge we inherited was too large, but we are determined to deliver on our pledge, and ensure that these unacceptably high costs are brought to an end.

Home Office",Responded,2025-02-19T01:07:42.455Z
716157,Make the Tour de France a Category A event so it is free-to-air,Make the Tour de France a Category A event to ensure it remains free-to-air in the UK.,14576,"The Government recognises concerns raised about losing free-to-air coverage of the Tour de France. Ensuring live cycling can be enjoyed by a wide reaching audience is important to growing the sport and inspiring the next generation of cyclists. Professional cycling, in particular the Tour de France, captivates fans with its exciting races and inspires people across the country to get on their bikes every weekend.

That said, broadcasting rights also provide essential income for sporting National Governing Bodies (NGBs) and event organisers, including British Cycling, which enables them to invest in better facilities for participants and spectators, improve elite performance, hire the best coaches, and keep up with mounting competition. NGBs, including British Cycling, need to consider the trade-offs between visibility, access to live cycling events and maximising broadcasting revenue. It is important to get the balance right, and that balance is for each sport’s NGB to determine.

The Government will continue to encourage and support the growth of cycling and the rest of the sector into the future. As part of the Los Angeles 2028 Olympic and Paralympic cycle, UK Sport have committed long term investment of over £38 million of Exchequer and National Lottery Funding for British Cycling. This is an uplift of under £1 million from the previous cycle. This will go towards supporting all aspects of the Great Britain Cycling Team, including equipment development and competition costs across road, track, mountain bike and BMX. Sport England provides up to £26.6 million for five years to invest in community cycling initiatives. This funding allows British Cycling to invest in the next generation of talented riders and volunteers and extend their work in England’s diverse communities to get people active. 

On 12 February, the Government announced the details of almost £300 million of funding for local authorities for active travel in 2024/5 and 2025/6, to provide high-quality and easily accessible active travel schemes across England. This will enable an additional 30 million journeys on foot and by bike every year, including more than 20 million new walk-to-school journeys by children and their parents. Investment in active travel helps to revitalise high streets, improve air quality and support people to live longer, healthier lives. 

The Government is also committed to the positive impacts of hosting major cycling events. In March, the UK was announced as hosts for the Grand Depart stages for both the Tour de France and Tour de France Femmes in 2027. This is the first time, apart from in France, that the Grand Depart for both races will be hosted in the same country. The Tour will travel throughout England, Scotland and Wales, inspiring girls and boys as their sporting heroes cycle directly through their communities, with the races free to view in person.

All UK broadcasters are operationally and editorially independent of the Government. Therefore decisions relating to coverage of particular sporting events - including the Tour de France - are ultimately a commercial decision for the relevant broadcaster and/or the rights holder of the specific sporting event. 

The current listed events regime is designed to ensure that sporting events of national significance are available to as wide an audience as possible, by prohibiting exclusive broadcasting of the event without prior consent from Ofcom. The Broadcasting Act 1996 gives the Secretary of State for DCMS the power to draw up a list of sporting events of “national interest”:
●	Group A events: full live coverage must be offered to free-to-air terrestrial broadcasters on fair and reasonable terms.
●	Group B events: these can have live coverage on subscription television, provided that secondary coverage is offered to the free-to-air broadcasters. 

It is important to point out that listing the Tour de France as a ‘group A’ event would not guarantee that it will be broadcast live, or on a free-to-air channel. Rightsholders are not required to sell live rights for listed events and free-to-air broadcasters are not obliged to purchase them. 

The Government believes that the current list of events works well and that it strikes an appropriate balance between encouraging access to a number of sporting events and allowing sports to maximise broadcasting revenue. The Government has no plans to review the list at this time. However, developments continue to be monitored.

Department for Culture, Media and Sport",Responded,2025-01-30T14:05:32.129Z
716686,Recognise the production and serving of cask ale as Intangible Cultural Heritage,"Following the UK’s ratification of UNESCO's Convention for the Safeguarding of Intangible Cultural Heritage, we call on the Government to recognise production and serving of traditional British cask ale as Intangible Cultural Heritage.",23794,"As part of the implementation of the UNESCO 2003 Convention for the Safeguarding of the Intangible Cultural Heritage, the UK Government is working closely with the Devolved Governments to create inventories for each of the four nations in the UK; these will combine into one inventory of Living Heritage (or Intangible Cultural Heritage) in the UK. 

Following a public consultation (www.gov.uk/government/consultations/2003-unesco-convention-for-the-safeguarding-of-the-intangible-cultural-heritage) on the inventory process, we will open a call for submissions later this year for communities to submit items of living heritage.

The Government would welcome a submission from the cask ale community on the production and serving of traditional British cask ale. Subject to the submission meeting the criteria outlined in the consultation response, the item would be included.

Inclusion in the inventories of an item would provide recognition of the item's significance, contributing in part to the safeguarding of the item through greater awareness and understanding.  The Government will set out its approach to further supporting communities to safeguard their living heritage later this year.

Department for Culture, Media and Sport ",Responded,2025-02-04T10:06:57.412Z
715292,Raise statutory maternity/paternity pay to match the National Living Wage,"Statutory maternity and paternity pay is £4.99 per hour for a full-time worker on 37.5 hours per week - approximately 59% less than the 2024 National Living Wage of £12.21 per hour for workers aged 21+, which has been set out to ensure a basic standard of living. ",80604,"The Government recognises the importance of parents having time away from work to care for a new child in their family. This is a key part of our plan to Make Work Pay, which aims to improve the quality and security of work. Parental leave and pay entitlements include Maternity, Paternity, Shared Parental and Neonatal Care Pay, as well as Adoption Leave and Pay, all of which are designed to support parents to take leave whilst retaining an attachment to the labour market so they can return to work when appropriate.

Maternity pay is primarily a health and safety provision for pregnant working women, providing a measure of financial security during this important time.

There are two types of maternity pay available to pregnant working women: Statutory Maternity Pay (SMP), paid by employers and Maternity Allowance (MA), paid by the Department for Work and Pensions (DWP) to eligible women (including the self-employed and women in employment who are not eligible for SMP). The qualifying conditions for both SMP and MA are based on a woman's recent employment and earnings.

Both SMP and MA are paid for up to a maximum of 39 weeks. For SMP, the first six weeks are paid at a weekly rate equal to 90 per cent of the woman's average weekly earnings, with no upper limit, followed by up to 33 weeks at the lower of either the standard rate or 90 per cent of the woman's average weekly earnings. MA is paid at either the standard rate or 90 per cent of the woman’s average weekly earnings, whichever is the lower, for a maximum of 39 weeks.

Paternity Leave and Pay arrangements enable eligible employed fathers and partners to take up to two one-week blocks of leave, either consecutively or separately, during the first year following the birth of their child or placement for adoption. Paternity Pay is paid at the statutory rate.

The Government has set an aim to deliver a genuine living wage for every adult worker; the increase to the National Living Wage (NLW) to £12.21 is intended to make progress towards that. As this petition highlights, this payment is higher than the equivalent hourly rate of Maternity/Paternity Pay. However, Maternity and other types of Parental Pay are intended to provide a measure of financial security to support parents whilst they are away from the workplace; they are not a replacement of earnings and therefore are not directly comparable.

The Government understands the importance of ensuring statutory payments are set at the right level. The Secretary of State for Work and Pensions is required by law to undertake an annual review of benefits and State Pensions, including statutory pay. This is based on a review of trends in prices and earnings growth in the preceding year. From April these payments were uprated in line with the Consumer Prices Index of 1.7 per cent, with their standard rates increasing from £184.03 to £187.18 per week. This means that the benefits retain their value against inflation.

When considering calls to increase the level of parental benefits, the Government must balance a range of factors including the needs of parents, the impact on employers, and affordability for taxpayers. This is particularly true in today’s challenging economic climate. As such, any changes would need to be carefully considered, taking into account views from businesses and other stakeholders.

This petition has raised concerns that working parents, especially women (and by association, their child/children) are being pushed into poverty at their most vulnerable time. The Government recognises the financial pressures facing many pregnant women and new mothers and has measures in place to support them and their families. Maternity Pay is just one element of the support available. Indeed, depending on an individual’s circumstances, additional financial support, for example, Universal Credit, Child Benefit, and the Sure Start Maternity Grant (a lump sum payment of £500), may also be available. More information about benefits and financial support available to pregnant women and their families can be found on www.gov.uk via the Childcare and Parenting link on the home page.

Delivering the manifesto commitment to tackle child poverty is an urgent priority for this Government, and we will bring forward a Child Poverty Strategy as soon as possible.

In addition, this Government is taking a mission-based approach to raise the healthiest generation of children ever and ensure that every child has a healthy, happy start to life. Giving children the best start in life means delivering accessible, integrated maternity, baby and family support services through the 1,001 days from conception to age two.

The Government also committed in the manifesto to review parental leave to ensure that it best supports working families. Planning is underway and further details of the review will be announced in due course.

Department for Work and Pensions",Responded,2025-01-24T05:28:06.375Z
717065,End the Injustice: Grant British Nationals (Overseas) Full UK Citizenship,We want the government to address what we feel is a long-standing injustice and grant BN(O)s full citizenship rights we think they deserve. We think this would be a recognition of their historical ties to the UK and also a reaffirmation of the UK's commitment to democratic principles & human rights.,12973,"The British National (Overseas) (BN(O)) route allows those with BN(O) status and their eligible family members to come to the UK to live, study and work in virtually any capacity, on a pathway to acquiring British citizenship. The current requirements for a person with BN(O) status to gain citizenship are in line with those for naturalisation, allowing a person to demonstrate a continuing connection with the UK.

The UK, in its Memorandum following the Sino-British Joint Declaration 1984 on the future of Hong Kong, made a commitment that those who were British Dependent Territories Citizens only through a connection with Hong Kong would be eligible to retain a status which, without conferring the right of abode in the UK, would entitle them to continue to use passports issued by the UK Government. It is important that the UK upholds the commitments it made as part of the Joint Declaration.  We therefore have no plans to amend the current law in regard to BN(O) status.  

Nevertheless, we remain committed to the people of Hong Kong and to supporting BN(O) status holders and their family members who choose to come to the UK. After five years in the UK, those on the BN(O) route can apply for settlement, and after a further 12 months, they can apply for British citizenship under section 4(2) of the British Nationality Act 1981. 
 
Information on applying for citizenship is available at: https://www.gov.uk/british-citizenship/how-to-apply.

There are also other circumstances where BN(O)s can be registered as British citizens:
•	the British Nationality Hong Kong Act 1997 provides for the registration of British nationals who would otherwise be stateless and are ordinarily resident in Hong Kong; and 
•	BN(O)s can also apply for registration under section 4B of the 1981 Act if they do not have another citizenship or nationality.

Home Office",Responded,2025-02-06T20:45:25.618Z
700029,"Embed food, farming, and sustainability education into the national curriculum","We are calling on the government to integrate comprehensive food, farming, and sustainability education into the national curriculum, making these subjects core to students’ learning from early years through secondary school.",14480,"The Government recognises the importance of teaching children about topics such as food, farming, and sustainability, which is why they can already be covered as part of the national curriculum.

The national curriculum is a framework designed to give teachers the freedom and flexibility to determine how they deliver the content in a way that best meets the needs of their pupils. Although farming is not a specific stand-alone topic in the national curriculum, teachers can cover particular topics in greater depth if they wish, and this could include teaching about farming. The national curriculum currently applies to local authority maintained schools but the Government’s intention is that it will apply to academies as well once the recommendations of the Curriculum and Assessment Review (see below) have been implemented.

In geography, in key stage 2, under “human and physical geography”, the national curriculum requires schools to teach pupils to “describe and understand key aspects of human geography, including types of settlement and land use, economic activity including trade links, and the distribution of natural resources including energy, food, minerals and water”. This is built upon at secondary, where pupils are taught to “understand how human and physical processes interact to influence and change landscapes, environments and the climate”.

In science, under the topic of “evolution, inheritance and variation”, pupils study the importance of selective breeding of plants and animals in agriculture. Healthy eating is also covered in science through topics relating to nutrition and digestion which cover the content of a healthy diet and the impact of a diet on how the body functions. In addition, under biology and chemistry at key stage 4, pupils consider the evidence for human causes of climate change, including the impact of increased levels of carbon dioxide and how this can be mitigated.

As part of the design and technology (D&T) curriculum, cooking and nutrition education is compulsory in state-maintained schools. Schools are required to teach pupils where food comes from, understand source and seasonality, and know where and how a variety of ingredients are grown, reared, caught and processed. The curriculum aims to teach children how to cook and how to apply the principles of healthy eating and good nutrition.

Within the health education section of relationships, sex and health education, which is compulsory in all state-funded schools, it is expected that by the end of primary, pupils should know what constitutes a healthy diet, the characteristics of a poor diet, and the risks associated with unhealthy eating. By the end of secondary, pupils should know how to maintain healthy eating and the links between a poor diet and health risks.

The Government has established an independent Curriculum and Assessment Review, covering ages 5 to 18, chaired by Professor Becky Francis CBE. The Review aims to ensure a rich, broad, inclusive and innovative curriculum that prepares young people for life and work. A report was recently published setting out the Review’s interim findings and confirming the key areas for further work: https://www.gov.uk/government/publications/curriculum-and-assessment-review-interim-report. 

The interim report sets out that rapid social, environmental and technological change necessitates that the curriculum keep pace, including a greater focus on sustainability and climate science. New opportunities and challenges, including those relating to climate change, will require particular knowledge and skills to address. The Review is considering whether there is sufficient coverage of these within subjects and how content can remain relevant and support young people to thrive in a fast-changing world. This could involve further embedding various knowledge and skills across different parts of the curriculum. 

The Review is looking at all subjects, including D&T, science, geography. No decisions about individual subjects have yet been made, and the Review’s work on subject-specific challenges is ongoing. Any subject-specific findings and recommendations will be included in the final report which will be published in the Autumn with the Government’s response.

Finally, the Department for Education’s Sustainability and Climate Change Strategy sets out initiatives to support teachers to teach about nature and climate change. These include the Sustainability Support for Education digital hub, the creation of a National Education Nature Park, and support for education leaders to meet the requirement to have a climate action plan and nominated sustainability lead in place by 2025.

Department for Education",Responded,2024-10-30T16:02:26.081Z
721547,Protect Disabled people who cannot work from planned cuts to benefits,"We want the Government to halt all planned benefit cuts for disabled people unable to work. Instead of reducing benefits, we want them to rise in line with inflation. We want support, not hardship and deprivation, for those who cannot work.",21668,"Our welfare system is broken, costing almost a third as much as it does to run the NHS in England while leaving people for years on benefits with no offer of support, no hope of a future in work and no opportunity to improve their standard of living.  Working-age adults who are in work are three times less likely to be in poverty than those out of work.  We need to act to end the inequality that sees disabled people and people with health conditions trapped out of jobs, despite many wanting to work, and ensure our welfare system is there for people who need it, now and long into the future.

As part of our Plan for Change we're introducing the most far-reaching reforms in a generation, with £1 billion a year being invested to give people the best possible chance with tailored support that can be adapted to meet their changing circumstances - including their changing health.

These are the changes we are making to the system – to support sick and disabled people – many of whom want to work – into jobs, while protecting those with the most severe conditions who can never work:

•	Scrapping the controversial Work Capability Assessment to end the dysfunctional process which drives people into dependency – delivering on the Government’s commitment to reform or replace it.

•	We will not take forward the previous government’s WCA changes.

•	Our Green Paper outlines why we think removing the WCA and moving to using the PIP assessment as the single assessment for additional financial support, is the correct decision for the reformed system.

•	We will also introduce a new additional eligibility requirement so that a minimum of four points must be scored on at least one PIP daily living activity to focus PIP on those with higher needs.  We are consulting on how best to support those that would lose entitlement due to this change.

•	We will increase the UC standard allowance for new and existing claims and freeze the rate of the UC health element for those already in receipt at £97 pw until 2029/30. We will reduce the rate of the UC health element for new claims from April 2026 to £50 pw and then freeze at this lower rate until 2029/30.

•	For those receiving the new reduced UC health element after April 2026, we are proposing that those with the most severe, life-long health conditions, who have no prospect of improvement and will never be able to work, will see their incomes protected.

•	We will legislate to protect those on health benefits from reassessment or losing their benefits if they try to take steps to get into work.

•	Investing £1 billion a year by the end of the decade in new employment, health and skills support – one of the biggest packages of new employment support for sick and disabled people ever - including new tailored support conversations for people on health and disability benefits to break down barriers and unlock work, and more intensive programmes of support with health and work.

•	The government spent £150 million on Access to Work in 2021/22. This is forecast to rise to £385 million in 2025/26, mainly due to growth in the volume of people in payment and partly due to growth in average payment amounts. The Access to Work scheme hasn’t changed significantly since it was established in 1994. We are consulting on the future of the Access to Work scheme so that it better helps people to start and stay in work through reasonable adjustments, such as aids, appliances and making use of assistive technology.

•	We are consulting on plans for a new, simple and clear “Unemployment Insurance” benefit through the reform of contributory working age benefits to provide income protection for people who lose their job having paid into the system, without having to prove they cannot work.   

The proposed changes to Universal Credit rates mean that we will not be increasing all benefits in line with inflation as requested in the e-petition. We are, however, increasing the standard allowance of UC for both new and existing claims. Other benefits, including PIP, will be increased at least in line with inflation which is the statutory minimum.

The changes will not come into force immediately – the changes to Universal Credit rates and Personal Independence Payment (PIP) eligibility will be implemented from 2026, subject to parliamentary approval. It is important that Members of Parliament have opportunity to consider and debate all changes before they are implemented.

We are consulting on a number of proposals in the Green Paper. We are keen to hear views from disabled people, as well as those who support them – further information on how to respond is available at Pathways to Work: Reforming Benefits and Support to Get Britain Working Green Paper - GOV.UK (https://www.gov.uk/government/consultations/pathways-to-work-reforming-benefits-and-support-to-get-britain-working-green-paper)

Department for Work and Pensions",Responded,2025-03-07T21:03:01.003Z
702424,Enact measures to combat knife crime,Establish a violence reduction unit like the Scottish Government did to minimise knife crime.,35158,"Violence Reduction Units (VRUs)

Established in 2019, VRUs are non-statutory partnerships operating in the 20 police force areas most affected by serious violence across England and Wales. They are leading and co-ordinating the local response to serious violence, many of which are based on the successful model of Scotland’s VRU.  

Responsible for delivering a ‘whole system’ public health approach to tackling violence (like Scotland’s VRU), they bring together key partners to identify the local drivers and root-causes of serious violence and agree and implement a multi-agency response to them. 

To this end, VRUs are delivering a range of early intervention and prevention programmes to divert people away from a life of crime. This includes a wide range of approaches including mentoring and trusted adult programmes, intensive behavioural therapies, and sports-based diversionary activities.  

The Police Funding Settlement for 2025/26 includes £49.7m for the continuation of work to prevent serious violence, delivered via the VRU programme. 

Serious Violence Duty 

Introduced through the Police, Crime, Sentencing and Courts Act 2022 (PCSC 2022), the Serious Violence Duty requires a range of specified authorities, such as the police, local government, youth offending teams, fire, health, and probation services, to work collaboratively, analyse the local problem, and put in place a strategy to prevent and reduce serious violence within their local communities, enabled by new powers to share data and information.

This financial year (2025/26), the Government has allocated £14.4m to continue the implementation and delivery of the Serious Violence Duty across all 43 police force areas in England and Wales.

Sentencing

Anyone found carrying a knife can face the maximum penalty of 4 years of imprisonment.  In recognition of the seriousness of offences related to knives, the law already provides for minimum custodial sentences for repeat knife possession and offences that involve threatening with a weapon.  Adults face a minimum of 6 months of imprisonment whilst young people aged 16 or 17 face a four-month Detention and Training Order.

Where someone is harmed by a knife or offensive weapon, there are a range of offences that they may be charged with, such as causing grievous bodily harm.  These can result in lengthy sentences, up to life imprisonment. 

Stop and Search Powers

Stop and search is a vital tool for tackling crime, and police officers in England and Wales have long-standing powers to stop and search an individual or vehicle if they have reasonable grounds to suspect that a person is carrying an offensive weapon, stolen goods, drugs or certain other items.

In addition, where serious violence has occurred, or where intelligence suggests it may occur, a senior police officer may authorise police to stop and search any individual or vehicles for offensive weapons or dangerous implements, with or without reasonable suspicion. These authorisations under section 60 of the Criminal Justice and Public Order Act 1994 are limited to a particular area for a specific period of time, usually no longer than 24 hours.

In the 12 months to March 2024, police in England and Wales conducted a total of 535,307 stop and searches, of which 16,066 resulted in an offensive weapon or firearm being found and taken off the streets. We will continue to support the police in the proportionate and effective use of these powers.

Young Futures Programme

The Government has also created the Young Futures Programme. This includes the establishment of Young Futures Prevention Partnerships, to intervene earlier to ensure that children and young people that are vulnerable to being drawn into crime are identified and offered support in a more systematic way. 

As we continue to design Young Futures Prevention Partnerships, we want to ensure that they learn from and build on the work of the 20 VRUs in England and Wales to improve how we identify, reach, and support young people at risk of being drawn into violence. 

Home Office",Responded,2024-11-21T17:09:11.865Z
700168,Remove the 28 day time limit from the unduly lenient sentence scheme for murder,"I would like the Government to remove the 28-day time limit for applying to the lenient sentence scheme to have a sentence reviewed, for convictions of murder.",14062,"Under the Unduly Lenient Sentence (ULS) Scheme, the Attorney General and Solicitor General have the power under the Criminal Justice Act 1988 to refer certain serious offences sentenced in the Crown Court to the Court of Appeal if they believe it might be unduly lenient. The Court of Appeal will then review the sentence and may decide to dismiss and replace it with a sentence that it considers more appropriate. Referrals must be carried out by the Attorney General no later than 28 days after the sentence was imposed. This is a statutory fixed time limit to ensure there is finality in sentencing.

Anyone can ask the Attorney General or Solicitor General to consider referring a sentence to the Court of Appeal; not just victims or relatives of the victim, but also members of the public, the Crown Prosecution Service and parliamentarians. This is intended to take the burden off the victims and their families to make a timely request in what we recognise are particularly difficult circumstances.

While we can understand calls for the limit to be extended, particularly for victims and their families, Parliament intended the ULS scheme to be an exceptional power. It is important that there is finality in sentencing, and that we avoid ongoing uncertainty, for both victims and offenders, about the sentence to be served. Any expansion of the scheme must therefore be carefully considered.

The Law Commission is undertaking a review of criminal appeals, which includes the ULS scheme. On 27th February, they launched a public consultation which invites views on a range of reforms to the ULS Scheme, including on extensions of the statutory time limit. The consultation is open to all and runs until 30 May, and responses from those with experience or interest are strongly encouraged. Responses to the consultation may be submitted using an online form at: https://consult.justice.gov.uk/law-commission/criminalappeals. We recommend reading the full consultation paper before responding to this consultation. If anyone cannot or does not wish to, they can read the summary consultation paper and respond to it here (https://consult.justice.gov.uk/law-commission/criminalappealssummary).
 
The Government will carefully consider the recommendations made in the Law Commission final report in due course.

Ministry of Justice",Responded,2024-10-31T13:10:08.836Z
700292,Fund more CAR T Cell Therapy for eligible patients,CAR T Cell therapy is currently allowed for some cancer patients on the NHS when other options have been unsuccessful. I think that people who are eligible should be offered it as a second line of treatment.,11217,"Improving access to all types of cancer treatment is a key priority for this Government. We published the England Rare Diseases Action Plan 2025 in February 2025, with actions to enable improved and more efficient care for people with rare conditions, support rare disease clinical research trials, and to prepare the NHS to deliver groundbreaking, personalised therapies. 

The UK is a global leader in the development of advanced therapies, with a strong academic and life science industry, and was the first national health system in Europe to commission chimeric antigen receptor T-cell (CAR-T cell) therapy for blood cancer patients. 

In April 2023, the NHS announced the roll out of personalised CAR-T therapies, offering three different CAR-T therapies for six different indications, benefitting adults and children with a range of cancers, with one of the CAR-T drugs available after just one therapy, providing quicker access for patients. 

NHS England has been working with stakeholders and the life sciences companies to get centres up and running to deliver CAR-T cell therapy. Three centres have been set up for paediatric patients in London, Manchester and Newcastle, and there are 20 centres set up across England that will be able to provide CAR-T for young people up to the age of 25 years old, and adults. 

CAR-T therapy is specifically developed for each individual patient and involves reprogramming the patient’s own immune system cells. These cells are then re-introduced to the patient to target their cancer. It is important to understand CAR-T cell therapy is a highly complex and potentially risky treatment, but it has been shown in trials to cure some patients, even those with quite advanced cancers and where other available treatments have failed.

We are pleased to learn that you were eligible for CAR-T cell therapy and are now in remission after successful treatment. However, I recognise the difficult journey you went through with failed treatments before receiving your treatment. The decision on which patients are eligible is decided by a national panel of expert clinicians following a referral from a specialist doctor, and in your case this process was followed that verified your eligibility as per recommendation. 

To understand better why some therapies fail, a new research programme was launched last year, involving scientists from London and funded by £9 million from the Medical Research Council and the Office for Life Sciences, and £12.9 million from industry partners. The programme will involve thousands of patients treated with immunotherapy, which CAR-T is a form of, from across the UK and is aiming to discover why at least half of all patients fail to respond to immunotherapy, suffer side effects and to evaluate the barriers to the success of immunotherapy.

In the UK, medicines need to have a licence before they can be marketed, granted by the Medicines and Healthcare products Regulatory Agency. To get a licence, the manufacturer of the medicine has to provide evidence which shows that the medicine is safe and effective enough to be used for a specific condition and for a specific group of patients, and that they can manufacture the medicine to the required quality.

Once licensed, new medicines can then be appraised by the National Institute for Health and Care Excellence (NICE). NICE is the body responsible for developing independent, evidence-based guidance for the NHS on whether medicines should be routinely funded based on an assessment of their costs and benefits. NICE only makes recommendations on medicines within their remit and NHS England is required to fund NICE-recommended medicines. 

The Cancer Drugs Fund provides early access for NHS patients to effective cancer drugs recommended by NICE. Further evidence is then collected on the drug through the Cancer Drugs Fund for a defined period of time. This helps NICE decide whether the drug can be recommended for routine NHS funding.  

NICE has evaluated and recommended several CAR-T therapies for use within the Cancer Drugs Fund for the treatment of various cancers, including for large B-cell lymphoma, B-cell acute lymphoblastic leukaemia and mantle cell lymphoma, which are now available to NHS patients in line with NICE’s recommendations. 

The Government is committed to improving diagnosis and treatment for all cancer patients. That’s why we will develop our new National Cancer Plan, which will include further details on how we will improve treatment and outcomes for cancer patients. We encourage you to engage with our call for evidence, where we’re seeking views from individuals, professionals and organisations to inform the development of the plan. This call for evidence closes at 11:59pm on 29 April 2025.

Department of Health and Social Care",Responded,2024-11-01T13:27:58.910Z
701064,Make the sale of catapults/ammunition and carrying catapults in public illegal.,"Make it illegal to carry catapults in public places, so the police can arrest those carrying, especially in areas of known wildlife crime, regardless if ammunition is found or not.",24030,"The Government shares the deep concerns raised by the petitioners over the appalling spate of incidents of swans and other wildlife being attacked with catapults, and we condemn the thugs responsible for such vile and cowardly crimes.

Catapults should never be used for illegal purposes, whether against wildlife, people or property, and there are already a range of laws in place to punish those who do so. For example, under provisions in the Wildlife and Countryside Act 1981 and The Wild Mammals (Protection) Act 1996, the police have broad powers to deal with offences where unnecessary suffering and injury is inflicted on wildlife, including cases involving the misuse of catapults. 

However, it is also the case that catapults are also routinely used by members of the public enjoying legitimate pastimes, in particular for anglers when propelling fishing bait. In considering this petition, therefore, the Government has to balance the entirely legitimate objective of the petitioners to see catapults and catapult ammunition kept out of the hands of individuals who will misuse it, with the equally legitimate desire of anglers and others to continue using catapults for normal pastimes and leisure pursuits. 

At present, the Government believes the current legislation in this area strikes the correct balance between these two objectives, and we therefore do not intend to accept the petitioners’ proposal at this time, but we will continue to keep this issue under review, including all relevant legislation that applies in this area.

In the meantime, the Government is determined to crack down on attacks on wildlife and other types of crime that have gone unaddressed for too long in rural areas. 

The Government is currently working with the National Police Chiefs’ Council on the new iteration of their Rural and Wildlife Crime Strategy, which is due to be published in the coming months, and we are also continuing to support the work of the National Rural Crime Unit and the National Wildlife Crime Unit, which provides intelligence, analysis and investigative assistance to forces and other law enforcement agencies across the UK to support them in investigating wildlife crime. 

The National Rural Crime Unit will receive £365k from the Home Office in the financial year 2025-26, the first new funding since the unit was established in 2023, and the National Wildlife Crime Unit, will receive funding of £450k from the Home Office in the financial year 2025-26, a 21% increase on the previous financial year.

Home Office",Responded,2024-11-06T21:49:10.939Z
701159,Allow transgender people to self-identify their legal gender.,We believe the government should change legislation to make it easier for trans people of all ages to change their legal gender without an official diagnosis of gender dysphoria.,127766,"The UK has long championed the rights of LGBT+ people at home and abroad.

This Government is proud of the Gender Recognition Act (GRA) 2004 and the rights it affords to transgender people in this country. The GRA has operated for 20 years and has allowed trans people to be recognised in law. The Act enables trans people to live, work and die in their acquired gender and this is important in ensuring that trans people can live with dignity and respect.

The Gender Recognition Act 2004 is a robust piece of legislation, with appropriate checks and balances that reflect the seriousness of changing a person’s legal sex. The Government is committed to modernising, simplifying and reforming the legal gender recognition process to remove indignities for trans people whilst retaining the need for a diagnosis of gender dysphoria. We believe this strikes the right balance, and the Government will not introduce self-identification as part of these reforms.

The government is committed to ensuring trans people can live their lives as they wish. In line with the King’s Speech, this Government will deliver on our manifesto commitment to bring forward a full, trans-inclusive ban on conversion practices.

We are also working with the Home Office to deliver our commitment to equalise all existing strands of hate crime to make them aggravated offences.

Cabinet Office",Responded,2024-11-07T19:47:01.793Z
701517,Fund Awareness and Training Regarding Functional Neurological Disorders (FND),"I am calling on the Government to provide more funding to health bodies and governmental organizations to invest in FND education and awareness initiatives. 
This could help those living with FND and strengthen the overall quality of our healthcare system.",11544,"We want a society where every person, including those with a long-term condition such as functional neurological disorders (FND), their families and carers receive high-quality, compassionate continuity of care. We will change the NHS so that it becomes not just a sickness service, but able to prevent ill health in the first place. This will help us be better prepared for the change in the nature of disease and allow our services to focus more on the early detection and management of chronic, long-term conditions such as FND.

The Government recognises that there is a lack of awareness and understanding of FND. In order to increase understanding of FND among GPs, the Royal College of General Practitioners has produced a learning course, which includes a module on recognising and explaining FND, which can be found at: https://www.rcgp.org.uk/learning-resources/courses-and-events/elearning-courses.

At a national level, there are a number of initiatives supporting service improvement and better care for patients with neurological conditions, including FND, such as the Getting It Right First Time Programme for Neurology and the Neurology Transformation Programme which aim to improve care for people by reducing variation and delivering care more equitably across England.

In 2023, the National Neurosciences Advisory Group developed a clinical pathway for FND, which can be found at: https://www.nnag.org.uk/optimal-clinical-pathway-adults-fnd-functional-neurological-disorder.

NHS England is in the process of updating the Specialised Neurology service specification. This will include FND, which is not included in the current published version. Service specifications are important in clearly defining the standards of care expected from organisations funded by NHS England to provide specialised care.

The National Institute for Health and Care Excellence (NICE) also has guidance in place to support clinicians in the diagnosis of suspected neurological conditions, including FND. The NICE guidance, “Suspected neurological conditions: recognition and referral”, updated in October 2023, includes guidance on FND, which outlines symptoms that are often common in FND, such as recurrent dizziness, limb or facial weakness, numbness and tingling, and difficulties with memory and concentration. The guidance also outlines that the severity of the symptoms of FND often fluctuates and increases during times of stress. The guidance is available here: https://www.nice.org.uk/guidance/ng127.

NICE is also currently developing a guideline on rehabilitation for chronic neurological disorders and acquired brain injury, more on which is available here: https://www.nice.org.uk/guidance/indevelopment/gid-ng10181. FND will be included in the final guideline, which NICE expects to publish in September 2025.

We have also set up a UK-wide Neuro Forum, facilitating formal, biannual meetings across the Department of Health and Social Care, NHS England, devolved governments and health services, and Neurological Alliances of all four UK nations. The new forum, which met for the first time on 10 March 2025, brings key stakeholders together to share learnings across the system, discuss important neurology services transformation and workforce challenges, as well as best practice examples and potential solutions that will add both to the existing programmes of work and wider health plans.

Department of Health and Social Care",Responded,2024-11-11T21:55:13.059Z
701838,We are petitioning for a National Referendum on Assisted Dying,"We believe that the decision to introduce assisted dying legislation in the UK, is a matter of such fundamental import to the future of our nation and to us as citizens, that it must be decided as a nation, not by Members of Parliament alone.",11041,"The Government has the utmost sympathy for anyone experiencing a life-threatening or degenerative condition, and the pain of watching a loved one deal with those circumstances.

The Government also understands that assisted dying is a deeply emotive issue, with strongly held views on all sides.

It remains the Government’s view that any change to the law in this sensitive area is a matter for Parliament to decide and an issue of conscience for individual parliamentarians, rather than one of policy. That is why, when the Terminally Ill Adults (End of Life) Bill was debated on 29 November 2024, the Prime Minister set aside collective responsibility and allowed a free vote for MPs, allowing Parliament to decide independently of Government.

The Bill, which is a Private Members' Bills brought forward by Kim Leadbeater MP, is currently making its way through Parliament, providing MPs with an opportunity to address public concerns and to change the law.

If the will of Parliament is that the law on assisting dying should change, the Government would not stand in its way and would seek to ensure that the law could be implemented in the way that Parliament intended.

Department of Health and Social Care",Responded,2024-11-14T23:35:48.320Z
702341,"Change the law, so that UK citizens can force an immediate General Election",A vote of no confidence in the Government can only be called by parliament. We believe this leaves majority governments in an almost untouchable position. We think governments can break promises or make decisions that are destructive and the electorate can do nothing until the next election.,14514,"The Prime Minister can call a general election at a time of their choosing by requesting a dissolution of Parliament from the Sovereign. The Government was elected by the British people on a mandate of change at the July 2024 general election.

It is a core constitutional principle that the government of the day derives its mandate to govern from its ability to command the confidence of the elected House of Commons. There are no plans to change this.

The Government is directly accountable to Parliament in a number of ways, such as Prime Minister’s Questions, opposition day debates, oral and written parliamentary questions, oral and written statements, debates in both Houses and select committee inquiries. The House of Commons is accountable to the people as its members are directly elected representatives from their respective constituencies.

This Government is securing Britain’s future through the Plan for Change, which is delivering security and renewal by kick-starting economic growth to put more money in working people’s pockets, rebuilding the NHS and strengthening our borders. This Government will continue to deliver the manifesto of change that it was elected on and serve the country in the national interest.

Cabinet Office",Responded,2024-11-20T20:21:01.633Z
702538,Lift restrictions on prescribing puberty blockers to trans children.,We want the Government to reverse the restrictions it has introduced relating to the prescription of puberty blockers to children. The Government introduced legislation banning them from being prescribed by the private sector and NHS primary care to under 18s not already taking them.,13495,"The Government wants trans people and their families to feel safe and accepted in our society, and to be able to live with freedom and dignity. It is also essential that we ensure healthcare provision available to children and young people experiencing gender dysphoria and/or incongruence is safe, evidence-based and clinically appropriate.

These key values are at the heart of the Secretary of State’s decision to introduce an indefinite ban on puberty blocking medicines for new patients, with gender dysphoria and/or incongruence. This came into effect on 1 January 2025 and will be formally reviewed in 2027. 

This legislation is available at https://www.legislation.gov.uk/uksi/2024/1319/made 

The decision to implement this legislation was taken with great care and was informed by multiple strands of evidence, including, but not limited to: 

I.	The ‘Independent review of gender identity services for children and young people’ (the ‘Cass Review’). Further information can be found at: https://cass.independent-review.uk/

II.	Independent expert advice from the Commission on Human Medicines (CHM). Further information can be found at: CHM's report on proposed changes to the availability of puberty blockers - GOV.UK - https://www.gov.uk/government/publications/chms-report-on-proposed-changes-to-the-availability-of-puberty-blockers

III.	Responses to a targeted consultation to the ‘Proposed changes to the availability of puberty blockers for under 18s’. Further information can be found at: Government's response to the targeted consultation on proposed changes to the availability of puberty blockers - GOV.UK - https://www.gov.uk/government/consultations/proposed-changes-to-the-availability-of-puberty-blockers-for-under-18s/outcome/governments-response-to-the-targeted-consultation-on-proposed-changes-to-the-availability-of-puberty-blockers

IV.	Constructive, open and honest in-person discussions between the Secretary of State and children, young people, and their families, with lived experience of gender dysphoria and/or incongruence 

In his statement to the House of Commons 11 December 2024, quoting the CHM report, the Secretary of State set out that the current prescribing environment and care pathway for gender dysphoria and/or incongruence in some private settings, and those outside the UK, presents an ‘unacceptable safety risk’ for children and young people.

The CHM, as detailed in their report, observed evidence that information and healthcare provided to some children and young people by private practitioners appeared ‘unsafe from a prescribing medicine safety perspective’ and would ‘likely not be considered to have fulfilled Gillick competence, safe prescribing practice, or be consistent with General Medical Council (GMC) guidance’. They additionally noted that there was an ‘absence of long-term safety and efficacy data for this population’. 

These are very serious conclusions which indicate that transgender young people were, uniquely, being exposed to unacceptable risks.

The CHM made recommendations that prescriptions for puberty blockers from prescribers registered overseas should be banned permanently. They further recommended that the prescribing environment in the UK should be made safer through additional safeguards. In particular, and in response to recommendation 3b, the National Institute for Health and Care Excellence (NICE) has been asked to develop a quality standard for gender dysphoria services. Additionally, the Medicines and Healthcare products Regulatory Agency (MHRA) is considering how to introduce a risk acknowledgement form (RAF) which prescribers would complete with the patient and/or guardian, in response to recommendation 3a.

Over the last year, NHS England has opened three new gender services in the North West, London and the South West, that offer a fundamentally different clinical model, embedding multi-disciplinary teams in specialist children’s hospitals. This model includes a nominated paediatrician or psychiatrist with overall clinical responsibility for patient safety in these services. A fourth service will open in the East of England in Spring. NHS England is making progress towards its commitment for there to be a specialist children’s gender service in every region by 2026. 

NHS England has also published a new service specification for the National Referral Support Service for Specialist Services for Children and Young People with Gender Incongruence. This means that a referral for the specialist Children and Young People’s Gender Service can be only made by an NHS-commissioned, secondary care-level paediatric service or a Children and Young Person mental health service. This will help ensure that healthcare professionals with the relevant expertise conduct the assessment and help determine any co-existing mental health or other health needs of these children and their onward care.

Recently, The National Institute for Health and Care Research (NIHR) have published details on the upcoming PATHWAYS: Puberty Suppression and Transitional Healthcare with Adaptive Youth Services clinical study. The study aims to build the evidence base on the care needs and development of children and young people. For further information regarding the trial please visit: https://fundingawards.nihr.ac.uk/award/NIHR167530.

Department of Health and Social Care",Responded,2024-11-22T22:07:08.442Z
703284,Ban large solar schemes on farmland/open countryside and promote solar on roofs,Promote solar energy on roofs and ban large-scale solar schemes on farmland and open countryside.,19939,"The Government is committed to achieving clean power by 2030. This is an ambitious mission, which will require the accelerated rollout of various renewable energy sources, including solar power. The Clean Power Action Plan, published in December, sets out that 45-47GW of solar generation will be required in 2030, up from around 17GW at present.

We are aware that solar projects can have environmental impacts, and all projects are subject to a rigorous planning process, in which the views and interests of local communities are considered. This includes any impact on food production, land use, landscapes or the natural environment.

The Government does not intend to introduce a ban on solar schemes on farmland. However, planning guidance makes clear that, wherever possible, developers should utilise brownfield, industrial, contaminated, or previously developed land. Where the development of agricultural land is shown to be necessary, lower-quality land should be preferred to higher-quality land.

We do agree that solar generation on roofs is a top priority. Permitted development rights mean that the vast majority of rooftop projects no longer require an application for planning permission. Moreover, new building standards will be introduced to ensure that all newly built houses and commercial buildings are fit for a net zero future. We expect these standards to encourage the installation of solar panels.

As part of the Warm Homes Plan, officials are exploring the merits of a range of green finance products to support homeowners with the upfront costs of a range of green domestic retrofit improvements, including rooftop solar. We will set out full details of the Warm Homes Plan after the second phase of the Spending Review. 

On 21 March we announced that Government and Great British Energy will be investing £180 million to put rooftop solar panels on around 200 schools and 200 NHS sites, saving hundreds of millions on their energy bills.

Department for Energy Security and Net Zero
",Responded,2024-11-24T19:42:47.799Z
706884,Postural Tachycardia Syndrome: fund training and facilities,Fund training for all healthcare providers on spotting and dealing with Postural Tachycardia Syndrome (PoTS) as well as facilities where people with this condition can access the correct form of healthcare as I believe this is seriously lacking.,13877,"Postural tachycardia syndrome (PoTS), also known as postural orthostatic tachycardia syndrome, is an abnormality of the functioning of the autonomic nervous system. Symptoms include palpitations, light-headedness, fatigue, sweating, nausea, fainting and headaches, and are associated with an increase in heart rate.

We recognise that PoTS is a complex condition with a range of symptoms which, in the worst case, can be substantially incapacitating. We also understand the concerns raised with us about a lack of awareness and understanding of PoTS among NHS healthcare professionals and the public, and that as a result, many patients have fallen through the gap between cardiology and neurology services.

Employers in the health system in England are responsible for ensuring that their staff are trained to the required standards to deliver safe and effective treatment for patients, and for investing in the future of their staff by providing continuing professional development (CPD) funding. The Government has no plans to introduce centrally funded CPD for PoTS.

To improve awareness of PoTS amongst healthcare professionals, and specifically GPs, the Royal College of General Practitioners provides training as part of its Syncope toolkit, which is available from the following link: https://elearning.rcgp.org.uk/mod/book/view.php?id=12386#:~:text=PoTS,no%20fall%20in%20blood%20pressure

The National Institute for Health and Care Excellence (NICE) publishes guidance on the diagnosis and treatment of long-term conditions for use by healthcare professionals and commissioners. Whilst the guidance is not mandatory, the Government expects the healthcare system to take the guidelines fully into account in designing services that meet the needs of their local population. NICE has provided healthcare professionals with guidance on PoTS as part of its Clinical Knowledge Summaries, which provide primary care practitioners with evidence based and practical advice on best practice. This is available from the following link: https://cks.nice.org.uk/topics/blackouts-syncope/diagnosis/assessment/

The Department of Health and Social Care funds research through the National Institute for Health and Care Research (NIHR). NIHR has supported a broad portfolio of long COVID research including understanding the links between long COVID and PoTS. The LOCOMOTION study (Long Covid Multidisciplinary consortium: Optimising Treatments and Services across the NHS), confirmed that people with long COVID are more likely than others to have orthostatic intolerance, and that these problems are relatively common. They also made recommendations for clinical practice. The Government is also investing significantly into broader research on neurological conditions. Between 2019 and 2024 the Department awarded over £288 million on research for neurological conditions via NIHR. This research covers conditions such as Parkinson’s disease, neurodegenerative diseases, epilepsy and multiple sclerosis. In 2023/24 (the most recent data available), over £72 million was spent on research into neurological conditions.

This Government has committed to delivering a 10-Year Health Plan. which will set out a bold agenda to deliver on the three big shifts needed to move healthcare from hospital to the community, analogue to digital, and treatment to prevention. We will be carefully considering input from the public, patients, health staff, and stakeholders as we develop the plan. We would encourage everyone, including people with lived experience of PoTS, to engage with that process. This will allow us to fully understand what is not working as well as it should for the NHS, and to identify the potential solutions. Comments can be provided via the following link: https://change.nhs.uk/en-GB/

We recognise that long-term sickness continues to be the most common reason for economic inactivity among the working age population. As part of the Get Britain Working plan, more disabled people and those with health conditions will be supported to enter and stay in work, by devolving more power to local areas so they can shape a joined-up work, health, and skills offer that suits the needs of the people they serve.

Department of Health and Social Care

This is a revised response. The Petitions Committee requested a response which more directly addressed the request of the petition. You can find the original response towards the bottom of the petition page (https://petition.parliament.uk/petitions/706884)",Responded,2024-11-30T23:50:29.110Z
710067,Grant automatic visa extension and ILR for Ukrainians after 5 years,"Since Feb 2025, Ukrainians and their eligible family members in the UK have been able to apply for further permission to remain for up to 18 months. We would like the extensions to be automatic and for the Government to set out a path to Indefinite Leave to Remain (ILR) for Ukrainians.",13418,"The UK’s support for Ukraine remains steadfast and, together with our partners and allies, we stand in solidarity with Ukraine and condemn the Russian government’s unprovoked and premeditated war. The Government strongly believes Ukraine will be safe again and we will continue to support the Ukrainian government for as long as it is necessary in its efforts against Putin.

We are proud that the British people have shown incredible generosity to, and solidarity with, the Ukrainian people, opening their homes to those seeking sanctuary. To date, the UK has offered or extended sanctuary to over 300,000 Ukrainians and their families under one of the three Ukraine schemes - the Ukraine Family Scheme, the Homes for Ukraine Scheme, and the Ukraine Extension Scheme.

To provide future certainty, Ukrainians who are in the UK under the Ukraine schemes will be able to apply for further permission to remain in the UK through a bespoke Ukraine Permission Extension (UPE) scheme. The new route, which opened on 4 February 2025 before the first visas started to expire, will provide up to an additional 18 months’ permission, ensuring Ukrainians in the UK can continue to move into independent living and secure rental agreements and employment contracts.

This is a new grant of permission; it is not an extension of a person's existing permission. For instance, those who are currently in the UK with permission under the Homes for Ukraine scheme will have UPE permission after their application is successful, they will not have time added to their existing Homes for Ukraine visa.

An automatic extension of existing permission would also mean automatically providing further permission to a person who has now left the UK and are no longer in need of temporary sanctuary in the UK. Our reviews of the schemes ensure they remain on a consistent footing going forward, protect the integrity of the schemes and align with the wider immigration system.

UPE is free to apply for. Those granted permission under the scheme will continue to receive the same rights and entitlements as the existing Ukraine schemes provide, to access work, benefits, healthcare, and education. More information on the scheme, including details around eligibility requirements and the application process, can be found on GOV.UK at: https://www.gov.uk/guidance/apply-to-stay-in-the-uk-under-the-ukraine-extension-scheme.

Individuals will be able to apply to UPE within 28 days of their current Ukraine scheme’s permission expiring, which allows sufficient time for operational planning, to provide biometric enrolment capacity, and deliver the most efficient service for applicants. This approach ensures that applications from those whose permission is due to expire soonest are considered first. Provided an application is made before the date of expiry of existing permission, the applicant will continue to benefit from ongoing permission in the UK (and associated access to benefits and services) until a decision is made on their UPE application.

We expect that decisions will usually be made within 40 working days of biometrics being provided or document upload for customers using the AUK app. This is the greatest length of time we anticipate a non-complex application to take to process, not the average. Applicants will be notified when an application is not straightforward to assure them that it will be processed in a timely manner.

If an individual’s current permission expires before a decision is made on their UPE application, their current permission, along with their rights and entitlements, will continue under section 3C leave. Further guidance on 3C leave can be found on GOV.UK at: https://www.gov.uk/government/publications/3c-and-3d-leave. The purpose of this is to prevent a person who makes an in-time application to extend their leave from becoming an overstayer while they are awaiting a decision on that application.

The Homes for Ukraine Scheme will also remain available and free of charge for any Ukrainians who wish to make a new application to come to the UK. Applications must be sponsored by someone who is British, Irish or settled in the UK.

Our offer of sanctuary through the Ukraine schemes remains temporary in nature and does not lead to settlement in the UK. This recognises the Ukrainian government’s strong desire for the future return of its citizens to help rebuild Ukraine when it is safe to do so. It is important our approach respects these wishes.

Other visa routes are available for those wishing to settle permanently in the UK, provided they meet the eligibility criteria of those routes.

We will, of course, continue to keep the Ukraine schemes under consistent review in line with developments in the ongoing war.

Home Office",Responded,2024-12-15T21:31:08.966Z
711976,Launch a Public Inquiry into Grooming Gangs,"A taskforce has helped arrest hundreds of offenders since 2023. We believe abuse is large scale and ongoing. Yet we think the authorities refuse to acknowledge the background and motivation of abusers, the failures of police, social workers and local councillors, and potential cover-ups.",25287,"The Independent Inquiry into Child Sexual Abuse undertaken by former senior social worker Alexis Jay was a full national inquiry taking 7 years, which engaged over 7,000 victims and survivors, and had 15 separate strands, including a specific two-year inquiry into child sexual abuse by organised networks (or grooming gangs). 

The Government is determined to act on its findings, working to protect more children from the horrors of grooming gangs and other forms of sexual abuse and exploitation, and to deliver justice for the victims of these appalling crimes. Full public inquiries can take years, while victims, survivors and experts, including Alexis Jay, have been clear that they want to see action now. That means protecting more children, finding more criminals, and getting justice for more victims and survivors.

Earlier this year, the Home Secretary announced a package of new measures and an investment of £10m that will allow us to do that, as well as drive change at a local level. The package includes the following:

•	More support and empowerment for victims. We are expanding the Child Sexual Abuse Review Panel mandate to include crimes which took place after 2013. This means that survivors who feel let down and unheard can ask the Panel to review their closed case even if it happened after 2013.

•	Baroness Louise Casey is leading a rapid audit of existing evidence on grooming gangs, examining existing data and evidence to uncover the true nature, scale and profile of group-based child sexual abuse offending being dealt with by forces in the UK today, including increasing our evidence base on the ethnicity of perpetrators; identifying gaps in existing knowledge; and making recommendations that can be applied both locally and nationally.

•	A renewed examination of all cases by police forces in England and Wales. The NPCC, at the Home Office’s request, is asking forces to reexamine both live and non-recent cases where no further action was taken. Police will be asked to work with the Child Sexual Abuse Police Taskforce to pursue new possible lines of inquiry and reopen investigations where appropriate to deliver justice for more victims and put more vile perpetrators behind bars.

•	An updated independent review of progress on the policing response to grooming gangs which the Home Secretary has commissioned from Her Majesty’s Inspectorate of Constabulary, Fire and Rescue Services, following its December 2023 report.

•	A new, Government-developed, framework for victim-centred, local led inquiries. As we have seen in the likes of Telford and Rotherham, effective local inquiries can provide detailed, context-specific insight and recommendations, driving real change at the local level, using a framework developed in collaboration with experts experienced in establishing and delivering such inquiries, informed by established best practice and tailored to the specific needs of each community.

•	Stronger national backing for local inquiries, with the establishment of a £5m national fund for locally-led work to support both local areas which want to launch a full local independent inquiry, and those which want to deliver more bespoke work, e.g. through the establishment of local victims’ panels or conducting local-led audits into the handling of historic cases. This will enable more areas to conduct meaningful work to deliver the truth, justice and accountability that victims deserve.

•	A new Victims and Survivors Panel to ensure victims’ voices remain at the heart of policy-making, not just on the recommendations of the Jay report, but on wider work around child sexual exploitation and abuse.

•	Introducing a Duty of Candour, which will strengthen the accountability mechanisms underpinning local inquiries, to ensure that those who are complicit in cover-ups or who try to resist scrutiny are always robustly held to account, and that truth and justice are never denied.

•	 A new mandatory duty to report child sexual abuse, a key recommendation from Alexis Jay’s report. 

These measures are set against a backdrop of continued investment in other work to strengthen law enforcement capacity and capability to tackle child sexual abuse and exploitation, including the Child Sexual Exploitation Police Taskforce which – since July 2023 – has supported the arrest of over 900 individuals and protected thousands of victims.

The work set out above remains the urgent priority of the Government and law enforcement when it comes to tackling child grooming gangs, and delivering justice for victims, and we believe that should remain the priority, rather than commissioning and waiting for the results of another national inquiry. 

Home Office",Responded,2025-01-02T04:30:59.042Z
712763,Allow motorcycles in bus lanes as default,We call on the Government to reverse its decision on the motorcycles in bus lanes consultation published 21 November 2024 and make the national default that motorcycles are allowed in bus lanes unless the local authority decides otherwise.,20469,"The Department understands that the outcome of this consultation will have been a disappointment for some motorcyclists and associated organisations.
 
Local authorities are best placed to understand the needs of their local road networks, rather than central government. In the absence of robust data from the consultation, there is little justification for moving away from a position of local authority choice to one in which allowing motorcycles to use bus lanes is the default. 

The safety benefits of allowing motorcycles into bus lanes are not clear. The consultation aimed to gather up to date, robust evidence, primarily from local authorities. While a very large number of individual responses was received, there were not enough from local authorities to provide the information needed. Although many individuals responded in favour, the vast majority did not provide any supporting evidence of the benefits or risks. 

The Department acknowledges that some questions received a high number of responses, but whilst the number of responses illustrates the prevalence of each response, a consultation cannot be seen as a ‘vote’. Conclusions cannot and have not been drawn based solely on the number of people offering positive or negative comments about a particular suggestion.    

Research on the potential safety impacts for cyclists, and the impact on bus services would be needed to form the evidence base for any change in policy. Whilst there is evidence of this working locally, this is quite different from a national policy of default access. 

Furthermore, the cost to local authorities of new traffic signs and Traffic Regulation Orders mandating such a change for existing bus lanes would be considerable. Without strong evidence of the benefits, this cannot be justified. The existing policy of local authority discretion also aligns well with our policies on bus service improvements, encouraging walking and cycling, and devolving powers to local government, which is at the heart of our transport ambitions.

The Government remains committed to supporting efforts to improve the safety of motorcyclists and this policy will be kept under review.

Department for Transport
",Responded,2025-01-06T17:18:07.001Z
713128,Do not restrict vape flavours,"We want the Government to not give Ministers powers to restrict vape flavours in the Tobacco & Vapes Bill, as we believe it will undermine efforts to help smokers quit.",12428,"Our health advice is clear, whilst vapes can be an effective quit aid for adult smokers, children should never vape. 

Due to the branding and advertising of vapes to children, youth vaping has more than doubled in the last 5 years and one-in-four 11-15-year olds tried vaping in 2023. Due to nicotine content and the unknown long-term harms, vapes and nicotine products carry risk of harm and addiction; this is particularly acute for adolescents whose lungs and brains are still developing. 

That is why this Government is committed to bringing about definitive and positive change to stop future generations from becoming hooked on nicotine – and the Tobacco and Vapes Bill includes landmark policies to achieve this.

The Tobacco and Vapes Bill includes measures and powers that will reduce the appeal and availability of all vapes and other nicotine products to children. Amongst the regulation making powers is one that will enable government to introduce future limits on flavours.  

There are a vast and diverse variety of flavours on the UK market, many with attractive wording and names that entice children to try vaping. Evidence shows that children are attracted to the fruit and sweet flavours of vapes, both in their taste and smell, as well as how they are described. As stated in a recent ASH survey, the most frequently used vape flavouring for young people is “fruit flavour” with 59% of current child vapers using these flavours. 16% of children who vape also choose sweet flavours such as chocolate or candy.  The survey can be viewed here: www.ash.org.uk/uploads/Use-of-vapes-among-young-people-in-Great-Britain-2024.pdf. 

It is the Government’s view that restricting flavours that appeal to children has the potential to reduce the number of children who are vaping. There is no reason that flavours like “gummy bear” and “cotton candy” should be available, flavours like these are not necessary for smoking cessation purposes and overtly appeal to children.   

In considering the specific restrictions we bring forward, we are keenly aware that vaping is rightly used by adults as a tool to quit smoking. Vapes are less harmful than cigarettes, and vape flavours are an important consideration for adult smokers seeking to quit smoking. 

We are conscious of the need to avoid unintended consequences on adult smoking rates, and therefore the scope and impact of any restrictions will be carefully considered and weighed against evidence. That is why we will be consulting further on these measures as soon as possible after Royal Assent of the Tobacco and Vapes Bill, and we would invite people to submit their views and evidence for consideration as part of that process. 

Regulations on flavours that are subsequently drafted will be subject to parliamentary debate and vote before becoming law.

Department of Health and Social Care",Responded,2025-01-08T10:22:23.388Z
713714,"Increase funding for people with Parkinson’s and implement the ""Parky Charter""","We want the government to take the decisive five steps set out in the Movers and Shakers' ""Parky Charter"" and to fulfil the Health Secretary’s promises. ",30304,"We acknowledge the challenges that neurology services have faced, particularly regarding workforce, delays to treatment and care, and a lack of information and support for patients. Nationally, there are initiatives supporting service improvement and better care for Parkinson’s patients, including the RightCare Progressive Neurological Conditions Toolkit and the Getting It Right First Time Neurology Programme. NHS England (NHSE) has established a Neurology Transformation Programme, which has developed a new model of integrated care to support integrated care boards to deliver the right service, at the right time for all neurology patients.

We have set up a UK-wide Neuro Forum, to bring together key stakeholders from across all four nations, to share learning, best practice examples and potential solutions.

NHSE commissions the specialised elements of Parkinson’s care that patients may receive from 27 specialised neurology centres across England. Within specialised centres, multidisciplinary teams ensure patients can access a range of health professionals and specialised treatment, according to their needs.

A central part of the 10-Year Health Plan will be our workforce and how we train and provide the staff the NHS needs to care for patients across our communities. This summer, we will publish a refreshed Long Term Workforce Plan aiming to treat patients on time again. We will ensure the NHS has the right people, in the right places, with the right skills to deliver the care patients need when they need it, including in neurology.

In January, NHSE published a new Elective Reform Plan, which sets out a whole system approach to hitting the 18-week referral to treatment target by 2029. We have achieved our pledge to deliver 2 million extra elective appointments. The additional appointments have taken place across a number of specialities, including neurology. We have made the commitment that 92% of patients will wait no longer than 18 weeks from referral to consultant-led treatment – in line with the NHS constitutional standard – by March 2029.

NICE guidance recommends that people with Parkinson's should be seen at regular intervals of 6-12 months. While NICE guidance is not mandatory, we expect commissioners to take it fully into account when designing services for their local population.

The Government currently has no plans to increase specific funding for people with Parkinson’s. However, at the Autumn Budget, DHSC received a £22.6 billion increase in resource spending from 2023-24 to 2025-26. How this is spent will be determined according to clinical priorities.

There are no plans to add to the list of conditions that give entitlement to free prescriptions. Around 89% of prescription items are currently dispensed free of charge and a wide range of exemptions from prescription charges are in place. People with Parkinson’s who are 60 years old or over are entitled to free prescriptions. For those that pay for prescriptions, the cost can be capped by purchasing a pre-payment certificate. Also, the NHS Low Income Scheme can provide help with health costs on an income-related basis.

The Government recently brought forward a Green Paper on the health and disability benefits system and the support we offer, entitled Pathways to Work: Reforming Benefits and Support to Get Britain Working. Within that, we consider how to improve the system for those with very severe health conditions and disabilities, including exploring ways to reduce the need for some people with very severe health conditions to undergo a full Personal Independence Payment functional assessment.

Eligibility for a Blue Badge is not condition specific. Blue Badge eligibility criteria in England were extended in 2019 to include more people with non-visible disabilities, to ensure that people with the greatest needs, whatever their disability or condition, all have the same access to a badge.

The Government spent £79.06 million on Parkinson’s research from 2019-20 to 2023-24, with research delivered via UK Research and Innovation and the National Institute for Health and Care Research (NIHR). We are continuing to invest in Parkinson’s research. For example, the UK Dementia Research Institute, primarily funded by Government, is partnering with Parkinson’s UK to establish a new £10 million research centre dedicated to better understanding the causes of Parkinson’s and finding new treatments. The NIHR welcomes high-quality funding applications for research into any aspect of human health, including Parkinson's. Applications are subject to peer review and judged in open competition, with awards being made on the basis of the importance of the topic to patients and health and care services, value for money and scientific quality. Welcoming applications on Parkinson’s disease to all NIHR programmes enables maximum flexibility in terms of the amount of research funding a particular area can be awarded, and the type of research which can be funded.

Department of Health and Social Care

This is a revised response. The Petitions Committee requested a response which more directly addressed the request of the petition. You can find the original response towards the bottom of the petition page (https://petition.parliament.uk/petitions/713714)",Responded,2025-01-11T11:22:09.737Z
